id,base_id,story_id,method,query,context,prediction,reference
A_q1_rag,A_q1,A,rag,How is Alex feeling about moving away from their best friend for the promotion?,"[2025-01-10T15:00:00Z] I just received a promotion offer, but it requires relocating away from my best friend. I feel a mix of elation about the career step and deep sadness about the personal loss.
[2029-06-01T10:00:00Z] Alex officially received the formal promotion offer, explicitly outlining the mandatory relocation to a different city. The career advancement brought a moment of professional satisfaction, but it was quickly overshadowed by the profound weight of the impending move, forcing Alex to confront the irreversible reality of further distance from Jamie and the deepening personal sacrifice.
[2029-06-15T18:00:00Z] Grappling with the official promotion offer and its mandatory relocation, Alex knew the conversation with Jamie was inevitable and crucial. They arranged a call, filled with trepidation about how to break the news and the potential impact on their already strained friendship.
[2029-06-20T21:00:00Z] The long-dreaded call with Jamie finally happened. Alex broke the news of the mandatory relocation, and Jamie's reaction was a mix of sadness and deep disappointment, a response that plunged Alex further into guilt and amplified the profound conflict between career advancement and their cherished friendship.
[2029-07-03T19:30:00Z] Alex met Jamie for a final, bittersweet coffee before the official moving day. The conversation was filled with unspoken emotions and a tangible sadness, making the reality of the impending separation acutely painful and highlighting the profound cost of Alex's career advancement.","Alex is feeling a profound mix of emotions about moving away from their best friend, Jamie, for the promotion. Initially, there was a mix of elation about the career step and deep sadness about the personal loss. This sadness was quickly overshadowed by the profound weight of the impending move, forcing Alex to confront the irreversible reality of further distance and personal sacrifice.

Alex felt trepidation about breaking the news to Jamie, and after Jamie reacted with sadness and deep disappointment, Alex was plunged further into guilt. The impending separation is acutely painful, filled with unspoken emotions and tangible sadness, highlighting the profound cost of Alex's career advancement. Alex is grappling with a profound conflict between career advancement and their cherished friendship.",
A_q1_context_path,A_q1,A,context_path,How is Alex feeling about moving away from their best friend for the promotion?,"[2029-06-01T10:00:00Z] Alex officially received the formal promotion offer, explicitly outlining the mandatory relocation to a different city. The career advancement brought a moment of professional satisfaction, but it was quickly overshadowed by the profound weight of the impending move, forcing Alex to confront the irreversible reality of further distance from Jamie and the deepening personal sacrifice.
[2029-06-20T21:00:00Z] The long-dreaded call with Jamie finally happened. Alex broke the news of the mandatory relocation, and Jamie's reaction was a mix of sadness and deep disappointment, a response that plunged Alex further into guilt and amplified the profound conflict between career advancement and their cherished friendship.
[2029-06-28T10:00:00Z] Days after researching apartments, Alex began the arduous process of packing, each box filled not just with belongings but also with memories and the heavy weight of impending goodbyes. The physical act of preparing to leave underscored the profound shift in their life and the growing emotional distance from Jamie, solidifying the somber reality of the relocation.
[2029-07-05T10:00:00Z] On moving day, Alex drove away from the now-empty apartment, a profound sense of loneliness washing over them as the distance between them and Jamie grew with every mile, the new career path feeling increasingly isolating.
[2029-07-12T15:00:00Z] Alex settled into the new apartment in the unfamiliar city, starting the new job that very week. Despite the professional challenge ahead, the initial days were overshadowed by an intense sense of loneliness and a stark awareness of Jamie's absence, making the new environment feel cold and isolating.","Alex is experiencing a complex mix of emotions about moving away from Jamie for the promotion. While there was an initial moment of professional satisfaction from the career advancement, it was quickly overshadowed by a profound weight, forcing Alex to confront the irreversible reality of further distance from Jamie and a deepening personal sacrifice.

When breaking the news to Jamie, Alex felt plunged into guilt and a profound conflict between career advancement and their cherished friendship, especially given Jamie's sadness and disappointment.

As the move progressed, Alex felt the heavy weight of impending goodbyes, underscoring the somber reality of the relocation. On moving day, a profound sense of loneliness washed over Alex, and the new career path felt increasingly isolating. After settling into the new city, Alex continued to feel an intense sense of loneliness, a stark awareness of Jamie's absence, and found the new environment to be cold and isolating.",
A_q2_rag,A_q2,A,rag,What trade-offs has Alex experienced between career growth and personal relationships?,"[2025-01-20T14:00:00Z] I've spent the past few days grappling with the promotion's implications, weighing the professional growth against the profound personal cost of leaving Jamie. The internal conflict is immense, making it hard to focus on anything else.
[2028-04-15T11:00:00Z] Overwhelmed by the continued struggle to form genuine connections and the pervasive social fatigue, Alex retreated from most social activities for a while. During a quiet evening, Alex stumbled upon old photos and message threads with Jamie. The memories brought a sharp pang of bittersweet nostalgia, highlighting the depth of their bond and solidifying the painful realization that while professional life was thriving, the personal cost of the promotion was an unfillable void where Jamie's presence used to be. This wasn't just temporary loneliness; it was a permanent shift.
[2028-05-20T14:30:00Z] Alex received significant recognition at work for successfully spearheading a major project, a direct result of the promotion. While colleagues offered congratulations and there was a sense of professional accomplishment, the moment felt profoundly hollow. Alex found themselves thinking of Jamie, imagining how they would have celebrated together, turning a moment of triumph into a bittersweet reflection on the unbridgeable gap between professional success and personal fulfillment without their best friend.
[2029-03-15T20:00:00Z] Despite the recent professional successes and recognition, Alex found themselves frequently contemplating the true cost of their career advancement. The high-profile projects and promotions felt increasingly hollow, a constant reminder that these achievements were not shared with Jamie, and the personal sacrifices made to pursue this path had left a profound and persistent void that no professional validation could fill.
[2029-06-01T10:00:00Z] Alex officially received the formal promotion offer, explicitly outlining the mandatory relocation to a different city. The career advancement brought a moment of professional satisfaction, but it was quickly overshadowed by the profound weight of the impending move, forcing Alex to confront the irreversible reality of further distance from Jamie and the deepening personal sacrifice.","Alex has experienced significant trade-offs between career growth and personal relationships, primarily concerning their bond with Jamie.

Initially, Alex grappled with the implications of a promotion, weighing the professional growth against the ""profound personal cost of leaving Jamie."" The formal promotion offer later explicitly required a mandatory relocation, which, while professionally satisfying, was quickly overshadowed by the ""profound weight of the impending move,"" forcing Alex to confront the ""irreversible reality of further distance from Jamie and the deepening personal sacrifice.""

Over time, Alex realized that while professional life was thriving due to career advancements and successful projects, the ""personal cost of the promotion was an unfillable void where Jamie's presence used to be."" Moments of significant professional recognition, direct results of the promotion, felt ""profoundly hollow,"" as Alex imagined how they would have celebrated with Jamie, highlighting ""the unbridgeable gap between professional success and personal fulfillment without their best friend."" Alex frequently contemplated the ""true cost of their career advancement,"" finding high-profile projects and promotions ""increasingly hollow"" because these achievements were not shared with Jamie, and the personal sacrifices made had left a ""profound and persistent void that no professional validation could fill."" This also led to a struggle to form genuine connections and pervasive social fatigue.",
A_q2_context_path,A_q2,A,context_path,What trade-offs has Alex experienced between career growth and personal relationships?,"[2029-06-01T10:00:00Z] Alex officially received the formal promotion offer, explicitly outlining the mandatory relocation to a different city. The career advancement brought a moment of professional satisfaction, but it was quickly overshadowed by the profound weight of the impending move, forcing Alex to confront the irreversible reality of further distance from Jamie and the deepening personal sacrifice.
[2029-06-20T21:00:00Z] The long-dreaded call with Jamie finally happened. Alex broke the news of the mandatory relocation, and Jamie's reaction was a mix of sadness and deep disappointment, a response that plunged Alex further into guilt and amplified the profound conflict between career advancement and their cherished friendship.
[2029-06-28T10:00:00Z] Days after researching apartments, Alex began the arduous process of packing, each box filled not just with belongings but also with memories and the heavy weight of impending goodbyes. The physical act of preparing to leave underscored the profound shift in their life and the growing emotional distance from Jamie, solidifying the somber reality of the relocation.
[2029-07-05T10:00:00Z] On moving day, Alex drove away from the now-empty apartment, a profound sense of loneliness washing over them as the distance between them and Jamie grew with every mile, the new career path feeling increasingly isolating.
[2029-07-12T15:00:00Z] Alex settled into the new apartment in the unfamiliar city, starting the new job that very week. Despite the professional challenge ahead, the initial days were overshadowed by an intense sense of loneliness and a stark awareness of Jamie's absence, making the new environment feel cold and isolating.","Alex has experienced significant trade-offs between career growth and personal relationships. The promotion offer, while professionally satisfying, necessitated a mandatory relocation to a different city. This move forced Alex to confront the ""irreversible reality of further distance from Jamie and the deepening personal sacrifice.""

Breaking the news of the relocation to Jamie led to Jamie's sadness and deep disappointment, which plunged Alex into guilt and amplified the profound conflict between career advancement and their cherished friendship. The physical act of preparing to leave underscored the profound shift in Alex's life and the growing emotional distance from Jamie.

On moving day and in the initial days of settling into the new city and job, Alex felt a profound sense of loneliness and a stark awareness of Jamie's absence, making the new career path and environment feel isolating. This demonstrates that Alex's career advancement came at the cost of personal connection, emotional well-being, and a feeling of increasing distance from a significant friendship.",
A_q3_rag,A_q3,A,rag,Describe a recent event where Alex's relocation decision affected their social life.,"[2027-12-20T15:00:00Z] As the holiday season approached, the usual festive cheer was replaced by a profound sense of melancholy for Alex. Memories of past holidays spent with Jamie   the shared traditions, laughter, and easy companionship   flooded Alex's mind, making the current solitude in the new city feel even more stark and painful. This stark contrast solidified the understanding that the relocation had not just changed Alex's professional life, but had also irrevocably altered the personal landscape, leading to a quiet, heavy acceptance that the friendship with Jamie was truly a casualty of the career move.
[2029-06-01T10:00:00Z] Alex officially received the formal promotion offer, explicitly outlining the mandatory relocation to a different city. The career advancement brought a moment of professional satisfaction, but it was quickly overshadowed by the profound weight of the impending move, forcing Alex to confront the irreversible reality of further distance from Jamie and the deepening personal sacrifice.
[2029-06-25T14:30:00Z] Alex, still reeling from the difficult conversation with Jamie, began the daunting task of researching apartments in the new city. The practical steps of planning the relocation, rather than providing clarity, only solidified the painful reality of leaving behind their shared life and further distancing from Jamie, intensifying the internal conflict.
[2029-07-03T19:30:00Z] Alex met Jamie for a final, bittersweet coffee before the official moving day. The conversation was filled with unspoken emotions and a tangible sadness, making the reality of the impending separation acutely painful and highlighting the profound cost of Alex's career advancement.
[2029-07-05T10:00:00Z] On moving day, Alex drove away from the now-empty apartment, a profound sense of loneliness washing over them as the distance between them and Jamie grew with every mile, the new career path feeling increasingly isolating.","On moving day, 2029-07-05, Alex drove away from their now-empty apartment. A profound sense of loneliness washed over Alex as the distance between them and Jamie grew with every mile, making the new career path feel increasingly isolating. This experience highlights how the relocation decision directly affected Alex's social life by creating physical distance from Jamie and leading to feelings of solitude.",
A_q3_context_path,A_q3,A,context_path,Describe a recent event where Alex's relocation decision affected their social life.,"[2029-06-01T10:00:00Z] Alex officially received the formal promotion offer, explicitly outlining the mandatory relocation to a different city. The career advancement brought a moment of professional satisfaction, but it was quickly overshadowed by the profound weight of the impending move, forcing Alex to confront the irreversible reality of further distance from Jamie and the deepening personal sacrifice.
[2029-06-20T21:00:00Z] The long-dreaded call with Jamie finally happened. Alex broke the news of the mandatory relocation, and Jamie's reaction was a mix of sadness and deep disappointment, a response that plunged Alex further into guilt and amplified the profound conflict between career advancement and their cherished friendship.
[2029-06-28T10:00:00Z] Days after researching apartments, Alex began the arduous process of packing, each box filled not just with belongings but also with memories and the heavy weight of impending goodbyes. The physical act of preparing to leave underscored the profound shift in their life and the growing emotional distance from Jamie, solidifying the somber reality of the relocation.
[2029-07-05T10:00:00Z] On moving day, Alex drove away from the now-empty apartment, a profound sense of loneliness washing over them as the distance between them and Jamie grew with every mile, the new career path feeling increasingly isolating.
[2029-07-12T15:00:00Z] Alex settled into the new apartment in the unfamiliar city, starting the new job that very week. Despite the professional challenge ahead, the initial days were overshadowed by an intense sense of loneliness and a stark awareness of Jamie's absence, making the new environment feel cold and isolating.","After relocating to a new, unfamiliar city, Alex experienced an intense sense of loneliness and a stark awareness of Jamie's absence. This made the new environment feel cold and isolating, directly affecting Alex's social life by creating a profound feeling of isolation.",
B_q1_rag,B_q1,B,rag,How does Maya's imposter syndrome influence her experience in the PhD program?,"[2024-09-10T10:00:00Z] Maya spent the next few days trying to make progress on the initial literature review her supervisor assigned. She felt completely lost, struggling to grasp the complex concepts, which intensified her fear of not being capable enough for the program.
[2025-07-10T10:00:00Z] After several days of internal debate, Maya cautiously began researching the highly competitive PhD program Professor Aris had suggested. The program's esteemed reputation and rigorous curriculum simultaneously filled her with a thrilling sense of possibility and an overwhelming wave of dread, amplifying her imposter syndrome as she critically questioned her own capabilities against such a demanding academic standard.
[2025-11-28T10:00:00Z] Maya endured the demanding interview for the highly competitive PhD program, feeling an acute sense of self-doubt throughout the intense interrogation of her research ideas and qualifications. Despite her diligent preparation, her imposter syndrome made every answer feel inadequate, convinced she was merely faking her way through.
[2026-09-22T14:30:00Z] Maya attends the high-stakes interview for the competitive PhD program, feeling a crushing weight of imposter syndrome as she tries to articulate her research ideas, constantly battling the intrusive thought that she isn't qualified to be there.
[2026-11-05T09:00:00Z] Maya attends the highly competitive PhD program's orientation, feeling profoundly intimidated by the apparent brilliance and experience of her fellow cohort, which intensifies her imposter syndrome and anxiety about belonging.","Maya's imposter syndrome influences her experience in the PhD program by intensifying her feelings of intimidation and anxiety about belonging, particularly during orientation where she felt profoundly intimidated by the apparent brilliance and experience of her fellow cohort.",
B_q1_context_path,B_q1,B,context_path,How does Maya's imposter syndrome influence her experience in the PhD program?,"[2025-11-28T10:00:00Z] Maya endured the demanding interview for the highly competitive PhD program, feeling an acute sense of self-doubt throughout the intense interrogation of her research ideas and qualifications. Despite her diligent preparation, her imposter syndrome made every answer feel inadequate, convinced she was merely faking her way through.
[2025-12-10T15:00:00Z] After a tense waiting period, Maya received an email confirming her acceptance into the highly competitive PhD program. The initial surge of relief was almost immediately eclipsed by an overwhelming wave of imposter syndrome, as the reality of her acceptance solidified her deepest fear: that she had somehow fooled the committee and was not truly capable of meeting the program's rigorous demands.
[2026-01-29T11:00:00Z] Maya had her second meeting with Dr. Petrov to discuss her initial progress on the literature review. Dr. Petrov critically dissected her findings, pointing out significant gaps and expressing disappointment with Maya's perceived lack of critical insight. This harsh feedback further solidified Maya's imposter syndrome, confirming her fear that she was not intellectually capable of meeting her supervisor's high standards.
[2026-02-07T16:00:00Z] Following Dr. Petrov's harsh critique, Maya retreated, spending days in self-imposed isolation trying to internalize and act upon the feedback for her literature review. Despite her immense effort, she found herself paralyzed by self-doubt, constantly replaying the negative comments, which only deepened her imposter syndrome and her belief that she was fundamentally incapable of meeting the program's intellectual demands.
[2026-02-20T10:30:00Z] Despite her despair, Maya forced herself to return to the literature review, determined to address Dr. Petrov's criticisms. However, the task felt insurmountable, with every research paper and every sentence she wrote triggering intense anxiety and reinforcing her deep-seated imposter syndrome, making it agonizingly slow and unproductive.","Maya's imposter syndrome profoundly influences her experience in the PhD program, making her question her abilities at every step.

Initially, during the demanding interview for the highly competitive program, her imposter syndrome made her feel inadequate and convinced she was faking her way through. Upon receiving her acceptance, any relief was immediately overshadowed by an overwhelming wave of imposter syndrome, solidifying her fear that she had somehow fooled the committee and was not truly capable of meeting the program's rigorous demands.

Later, harsh feedback from Dr. Petrov on her literature review further solidified her imposter syndrome, confirming her fear that she was not intellectually capable. This led her to retreat into self-imposed isolation, paralyzed by self-doubt and constantly replaying negative comments, deepening her belief that she was fundamentally incapable. When she tried to return to her literature review, her imposter syndrome triggered intense anxiety with every research paper and sentence, making her work agonizingly slow and unproductive.",
B_q2_rag,B_q2,B,rag,Give an example of a moment when Maya doubted whether she belongs in the program.,"[2024-09-10T10:00:00Z] Maya spent the next few days trying to make progress on the initial literature review her supervisor assigned. She felt completely lost, struggling to grasp the complex concepts, which intensified her fear of not being capable enough for the program.
[2024-09-18T09:00:00Z] After the scathing feedback, Maya spent days locked in her office, attempting to address her supervisor's criticisms, but found herself spiraling into deeper self-doubt, convinced she fundamentally lacked the intellectual capacity required for the program.
[2025-07-10T10:00:00Z] After several days of internal debate, Maya cautiously began researching the highly competitive PhD program Professor Aris had suggested. The program's esteemed reputation and rigorous curriculum simultaneously filled her with a thrilling sense of possibility and an overwhelming wave of dread, amplifying her imposter syndrome as she critically questioned her own capabilities against such a demanding academic standard.
[2026-04-28T09:00:00Z] Faced with the daunting new task and the crushing weight of her probationary status, Maya found herself utterly paralyzed. She spent days staring at her research materials, unable to formulate a single coherent thought, every potential first step sabotaged by the overwhelming fear of making a mistake and solidifying Dr. Petrov's conviction that she didn't belong in the program, leaving her utterly overwhelmed.
[2026-08-20T10:00:00Z] After several days of intense deliberation and battling persistent self-doubt, Maya firmly resolves to apply for the highly competitive research program, feeling a renewed sense of purpose tempered by an underlying apprehension about meeting its rigorous demands.","One example of a moment when Maya doubted whether she belonged in the program was in late April 2026. Faced with a new task and her probationary status, she was paralyzed by the fear of making a mistake, believing it would solidify Dr. Petrov's conviction that she didn't belong in the program. This left her overwhelmed and unable to work.",
B_q2_context_path,B_q2,B,context_path,Give an example of a moment when Maya doubted whether she belongs in the program.,"[2026-08-01T11:00:00Z] Succumbing to her parents' persistent urging to find a direction, Maya reluctantly began to browse job postings, feeling a profound sense of inadequacy as she considered entry-level positions, a stark contrast to her once ambitious academic path.
[2026-08-20T10:00:00Z] After several days of intense deliberation and battling persistent self-doubt, Maya firmly resolves to apply for the highly competitive research program, feeling a renewed sense of purpose tempered by an underlying apprehension about meeting its rigorous demands.
[2026-08-28T16:00:00Z] After nearly a week of intense, self-scrutinizing effort, Maya finally submits her application for the highly competitive research program, feeling a profound sense of exhaustion mixed with a fresh surge of anxiety about the formidable hurdles ahead and whether she truly measures up.
[2026-09-29T10:00:00Z] Maya receives the acceptance letter for the highly competitive PhD program, a moment of profound relief immediately overshadowed by a fresh wave of imposter syndrome and intense anxiety about the daunting challenges that lie ahead.
[2026-11-20T14:00:00Z] Maya has her first one-on-one meeting with her demanding research supervisor, Dr. Aris Thorne, who immediately outlines high expectations for her initial progress, leaving Maya feeling overwhelmed and even more convinced she's not capable.","Maya doubted whether she belongs in the program when she received her acceptance letter for the highly competitive PhD program. This moment of profound relief was immediately overshadowed by ""a fresh wave of imposter syndrome and intense anxiety about the daunting challenges that lie ahead,"" making her question her place.

Later, during her first meeting with her demanding research supervisor, Dr. Aris Thorne, Maya was left feeling ""overwhelmed and even more convinced she's not capable"" of meeting the high expectations.",
B_q3_rag,B_q3,B,rag,How has Maya's relationship with her supervisor evolved over time?,"[2024-09-04T14:00:00Z] Maya's first one-on-one meeting with her supervisor was intense. The supervisor immediately set incredibly high expectations and subtly questioned Maya's background, leaving her feeling even more inadequate and out of her depth.
[2026-01-15T10:00:00Z] Maya had her first one-on-one meeting with her demanding supervisor, Dr. Petrov. Dr. Petrov immediately laid out an ambitious research plan, assigning a daunting literature review and setting extremely high expectations for Maya's initial contributions. This intense encounter solidified Maya's fears of inadequacy, fueling her imposter syndrome as she felt completely unprepared to meet such rigorous demands.
[2026-01-29T11:00:00Z] Maya had her second meeting with Dr. Petrov to discuss her initial progress on the literature review. Dr. Petrov critically dissected her findings, pointing out significant gaps and expressing disappointment with Maya's perceived lack of critical insight. This harsh feedback further solidified Maya's imposter syndrome, confirming her fear that she was not intellectually capable of meeting her supervisor's high standards.
[2026-11-20T14:00:00Z] Maya has her first one-on-one meeting with her demanding research supervisor, Dr. Aris Thorne, who immediately outlines high expectations for her initial progress, leaving Maya feeling overwhelmed and even more convinced she's not capable.
[2027-01-10T11:00:00Z] Maya has a follow-up meeting with Dr. Thorne, during which she struggles to present any substantial progress on the literature review, leading to a palpable disappointment from her supervisor that plunges Maya into deeper despair and reinforces her fears of inadequacy.","The provided memories describe Maya's interactions with different supervisors over time, rather than an evolving relationship with a single supervisor. She has had challenging first meetings with an unnamed supervisor in 2024, Dr. Petrov in 2026, and Dr. Aris Thorne in late 2026.

Across these different supervisory relationships, a consistent pattern emerges:
*   **Initial Intensity and High Expectations:** Each initial meeting is characterized by the supervisor immediately setting incredibly high expectations and ambitious plans, often demanding significant initial contributions.
*   **Critical Feedback and Disappointment:** Subsequent meetings involve supervisors critically dissecting Maya's work, pointing out gaps, and expressing disappointment with her progress or perceived lack of insight.
*   **Maya's Feelings of Inadequacy:** Consistently, Maya is left feeling inadequate, overwhelmed, out of her depth, unprepared, and battling imposter syndrome. These experiences repeatedly confirm her fears that she is not intellectually capable or able to meet the rigorous demands, often leading to deeper despair.

Therefore, while the specific supervisor changes, the overall dynamic of high demands, critical feedback, and Maya's resulting feelings of inadequacy has remained a persistent challenge in her interactions with supervisors over time.",
B_q3_context_path,B_q3,B,context_path,How has Maya's relationship with her supervisor evolved over time?,"[2024-09-04T14:00:00Z] Maya's first one-on-one meeting with her supervisor was intense. The supervisor immediately set incredibly high expectations and subtly questioned Maya's background, leaving her feeling even more inadequate and out of her depth.
[2024-09-10T10:00:00Z] Maya spent the next few days trying to make progress on the initial literature review her supervisor assigned. She felt completely lost, struggling to grasp the complex concepts, which intensified her fear of not being capable enough for the program.
[2024-09-13T16:00:00Z] Maya received extremely critical feedback from her supervisor on the initial literature review, highlighting its perceived lack of depth and originality, which crushed her confidence and reinforced her fear of being an imposter.
[2024-09-18T09:00:00Z] After the scathing feedback, Maya spent days locked in her office, attempting to address her supervisor's criticisms, but found herself spiraling into deeper self-doubt, convinced she fundamentally lacked the intellectual capacity required for the program.
[2024-10-25T11:00:00Z] As October drew to a close, Maya received an email outlining the upcoming first-year PhD progress review, which required a comprehensive report on her research plan and initial findings. The approaching deadline ignited a fresh wave of panic, exacerbating her existing professional paralysis and deepening her conviction that she would inevitably fail and be exposed as an imposter.","Maya's relationship with her supervisor has consistently been a source of stress and self-doubt for her.

Initially, the supervisor set incredibly high expectations and subtly questioned Maya's background, making her feel inadequate. This demanding dynamic continued with the supervisor assigning complex tasks that left Maya feeling lost. Subsequently, Maya received extremely critical feedback on her work, which further crushed her confidence and intensified her imposter syndrome. The supervisor's criticisms led Maya to spiral into deeper self-doubt, convinced she lacked the intellectual capacity for her program. As time progressed, the looming professional expectations, represented by requirements like the first-year PhD progress review, continued to exacerbate Maya's panic and deepen her conviction that she would inevitably fail.",
C_q1_rag,C_q1,C,rag,What challenges has Liam faced in maintaining the long-distance relationship?,"[2026-03-20T11:00:00Z] Had a late-night video call with my partner, celebrating a minor visa approval. It reminds me how hard the distance is, but how worth it the future planning feels. We're setting a date for me to visit.
[2026-04-12T19:30:00Z] Had a deep conversation with my partner this evening about our future together and how we can make the move happen sooner. It feels daunting but also incredibly hopeful.
[2026-04-17T19:00:00Z] After my partner's visit concluded, I returned home, feeling the immediate pang of distance again. We had a long video call to discuss the job interview and outline the next phase of our moving plan, reinforcing our commitment despite the miles.
[2027-04-25T15:30:00Z] I've spent the last few weeks tirelessly packing up my apartment, item by item. It's a bittersweet process, but the thought of finally living with my partner keeps me motivated.
[2028-09-15T19:00:00Z] My partner and I spent a reflective evening going through old photos and messages from our long-distance days, feeling immensely grateful for having navigated that challenge and now building our life together.","Based on the memories provided, I cannot confirm if the partner's name is Liam, as the memories refer to ""my partner."" Therefore, I cannot detail challenges Liam specifically faced.

However, the person who experienced these memories faced several challenges in maintaining the long-distance relationship:
*   They found the distance to be ""hard.""
*   They felt an ""immediate pang of distance"" after visits concluded.
*   Making the move to close the distance felt ""daunting.""
*   The long-distance period was reflected upon as a significant ""challenge"" that they navigated.",
C_q1_context_path,C_q1,C,context_path,What challenges has Liam faced in maintaining the long-distance relationship?,"[2026-04-08T20:15:00Z] Had a video call with my partner to discuss final preparations for my visit. We talked about what we'll do and where we'll go, and the excitement is building. It feels like this trip will be a crucial step in closing the distance.
[2026-04-17T19:00:00Z] After my partner's visit concluded, I returned home, feeling the immediate pang of distance again. We had a long video call to discuss the job interview and outline the next phase of our moving plan, reinforcing our commitment despite the miles.
[2026-04-25T14:30:00Z] Received an email inviting me for a second virtual interview for the job in my partner's city! It feels like a significant step forward and really energizes me about the move.
[2026-05-08T16:30:00Z] Received the fantastic news today â€“ I got the job offer for the position in my partner's city! This is a huge milestone towards finally closing the distance between us.
[2026-05-28T15:00:00Z] My partner and I spent the weekend actively browsing apartment listings online in the new city. It felt incredibly real to start visualizing our future home together, even if it's still from a distance.","Based on the provided memories, Liam has felt the ""immediate pang of distance again"" after his partner's visit concluded. The context also implies that maintaining their commitment ""despite the miles"" is a challenge they actively work on, as they discussed reinforcing their commitment.",
C_q2_rag,C_q2,C,rag,Describe an event that shows Liam and their partner planning for a future together.,"[2026-11-20T19:00:00Z] My partner and I had a serious but exciting discussion about our long-term goals now that we're completely settled. We talked about future career paths, potential savings for a house, and even hypothetical names for future pets, feeling truly secure in our shared future.
[2027-10-18T18:00:00Z] My partner and I had a serious discussion about our financial future, including starting a joint savings account for a down payment on a place of our own eventually. It feels good to plan for a shared, long-term future.
[2028-11-01T15:30:00Z] My partner and I dedicated an afternoon to seriously discussing our long-term financial goals and the possibility of buying a home together in our new city, a significant step in solidifying our future here.
[2029-06-01T18:00:00Z] My partner and I celebrated my new job offer, reflecting on all the challenges we overcame and excitedly discussing our concrete plans for building our shared future now that we are truly settled.
[2029-07-05T19:30:00Z] My partner and I had a deep conversation about our shared financial future, discussing long-term goals like saving for a home and building investments, feeling truly settled in our new life together.","On November 20, 2026, Liam and their partner had a serious but exciting discussion about their long-term goals, now that they were completely settled. They talked about future career paths, potential savings for a house, and even hypothetical names for future pets, feeling truly secure in their shared future.",
C_q2_context_path,C_q2,C,context_path,Describe an event that shows Liam and their partner planning for a future together.,"[2026-11-20T19:00:00Z] My partner and I had a serious but exciting discussion about our long-term goals now that we're completely settled. We talked about future career paths, potential savings for a house, and even hypothetical names for future pets, feeling truly secure in our shared future.
[2026-12-10T15:30:00Z] My partner and I spent the afternoon setting up our new joint bank account, specifically for future savings like a down payment on a house. It felt like a truly significant step, formally merging our financial paths and solidifying our commitment to a shared future.
[2027-02-17T11:00:00Z] My partner and I received the wonderful news that our offer on the house was accepted! We are absolutely thrilled and it feels like a dream come true, bringing us even closer to building our life together.
[2027-03-10T16:00:00Z] My partner and I had a productive video call with our real estate agent to discuss the timeline for closing on the house and to start coordinating my moving plans. It feels surreal and exciting to see everything coming together.
[2027-05-06T14:30:00Z] I've arrived in my new city and reunited with my partner! It's an incredibly emotional and joyful moment to finally be in the same place after so much planning and anticipation. We celebrated with a quiet dinner.","On November 20, 2026, the user and their partner had a serious but exciting discussion about their long-term goals. They talked about future career paths, potential savings for a house, and even hypothetical names for future pets, feeling truly secure in their shared future. A more concrete step in their planning occurred on December 10, 2026, when they set up a new joint bank account specifically for future savings, like a down payment on a house, which felt like a significant step in formally merging their financial paths and solidifying their commitment to a shared future.",
C_q3_rag,C_q3,C,rag,How does the time zone difference affect Liam's emotional state?,"[2026-03-20T11:00:00Z] Had a late-night video call with my partner, celebrating a minor visa approval. It reminds me how hard the distance is, but how worth it the future planning feels. We're setting a date for me to visit.
[2026-04-05T18:30:00Z] Spent the evening online, booking flights and accommodation for my upcoming visit to see my partner. It feels real now, and I'm incredibly excited to finally close some of this distance, even if just for a while.
[2026-04-17T19:00:00Z] After my partner's visit concluded, I returned home, feeling the immediate pang of distance again. We had a long video call to discuss the job interview and outline the next phase of our moving plan, reinforcing our commitment despite the miles.
[2029-02-16T15:00:00Z] My partner and I finalized the closing date for our new house and began to seriously discuss the logistics of my upcoming move, including potential dates and how to coordinate everything from different time zones.
[2029-04-18T08:30:00Z] I officially departed my home country, beginning my journey to finally close the distance and be with my partner, feeling a mix of profound excitement and a touch of melancholy saying goodbye.","The provided context mentions coordinating logistics from different time zones, but it does not describe how the time zone difference specifically affects Liam's emotional state. The context notes that the *distance* is hard and causes a ""pang,"" but this is not explicitly linked to the time zone difference itself.",
C_q3_context_path,C_q3,C,context_path,How does the time zone difference affect Liam's emotional state?,"[2029-01-12T14:00:00Z] My partner and I spent the afternoon at the real estate office, signing the numerous documents for our house purchase and officially beginning the mortgage application process, feeling the weight and excitement of this commitment.
[2029-02-16T15:00:00Z] My partner and I finalized the closing date for our new house and began to seriously discuss the logistics of my upcoming move, including potential dates and how to coordinate everything from different time zones.
[2029-04-18T08:30:00Z] I officially departed my home country, beginning my journey to finally close the distance and be with my partner, feeling a mix of profound excitement and a touch of melancholy saying goodbye.
[2029-04-20T10:00:00Z] My partner and I spent the day unpacking some of my essential belongings and starting to arrange our shared living space, a tangible step towards building our new life together.
[2029-07-05T19:30:00Z] My partner and I had a deep conversation about our shared financial future, discussing long-term goals like saving for a home and building investments, feeling truly settled in our new life together.","Based on the available information, Liam is not mentioned by name. While coordinating a move from ""different time zones"" is mentioned, the provided context does not describe how the time zone difference affects anyone's emotional state.",
D_q1_rag,D_q1,D,rag,How is Sarah balancing caregiving for her parent with her nursing job?,"[2025-07-15T18:30:00Z] After weeks of intense hospital visits and navigating the complexities of my parent's discharge, their care at home has become a full-time job on top of my demanding nursing shifts. The endless cycle of appointments, medication management, and constant vigilance, coupled with the profound silence from my partner, has left me feeling utterly depleted and completely burnt out. I'm struggling to see an end in sight.
[2026-04-25T10:30:00Z] Weeks after her partner's departure, the void in Sarah's life was profound. To cope with the emotional pain and the escalating financial pressure, she began taking on extra shifts at the hospital, hoping to bury herself in work. However, the increased workload, combined with the solitary burden of her parent's deteriorating condition and their persistent resentment towards the caregivers, pushed her further to the brink. She felt utterly overwhelmed, her physical and emotional reserves completely depleted, seeing no end in sight to her struggles.
[2027-03-15T11:00:00Z] After much reflection and discussion with David and her therapist, Sarah began actively exploring new career options. She spent hours researching roles that utilized her caregiving skills but offered a healthier work-life balance, tentatively considering fields like health education or administrative support, marking the beginning of a deliberate professional reinvention.
[2027-07-05T18:00:00Z] While enjoying the initial weeks of her less demanding job, Sarah began to notice small, concerning changes in her mother's memory and overall coherence during their regular visits, hinting at a potential increase in her care needs despite Sarah's new work-life balance.
[2028-03-28T09:30:00Z] Increasingly overwhelmed and sleep-deprived from juggling her demanding nursing job with her mother's extensive care needs, Sarah made a critical administrative error at work, leading to a stern warning from her supervisor and intensifying her feelings of professional inadequacy and impending burnout.","Sarah is struggling to balance caregiving for her parent with her nursing job. Initially, her parent's care became a full-time job on top of her demanding nursing shifts, leading to her feeling depleted and burnt out. She later began taking on extra shifts at the hospital, which, combined with her parent's deteriorating condition, pushed her further to the brink, leaving her overwhelmed and exhausted.

Although she explored new career options for a healthier work-life balance in 2027 and found a less demanding job for a period, the most recent information indicates she is still juggling a demanding nursing job with her mother's extensive care needs. This has left her increasingly overwhelmed and sleep-deprived, even leading to a critical administrative error at work and intensifying her feelings of professional inadequacy and impending burnout.",
D_q1_context_path,D_q1,D,context_path,How is Sarah balancing caregiving for her parent with her nursing job?,"[2027-03-15T11:00:00Z] After much reflection and discussion with David and her therapist, Sarah began actively exploring new career options. She spent hours researching roles that utilized her caregiving skills but offered a healthier work-life balance, tentatively considering fields like health education or administrative support, marking the beginning of a deliberate professional reinvention.
[2027-07-05T18:00:00Z] While enjoying the initial weeks of her less demanding job, Sarah began to notice small, concerning changes in her mother's memory and overall coherence during their regular visits, hinting at a potential increase in her care needs despite Sarah's new work-life balance.
[2027-09-25T19:30:00Z] A few weeks later, Sarah arrived at her mother's house to find the front door ajar and her mother disoriented, believing it was morning. The incident forced Sarah to cancel her dinner plans with David, leaving her feeling overwhelmed and increasingly frustrated by the escalating care needs.
[2027-11-25T17:00:00Z] Following the latest alarming incidents, Sarah came to the painful realization that her mother could no longer live safely on her own. She initiated a difficult conversation about finding more structured care, which was met with her mother's tearful resistance and denial, leaving Sarah feeling profoundly burdened and emotionally exhausted.
[2027-12-18T10:00:00Z] Following the difficult conversation, Sarah reluctantly began researching assisted living facilities and home care services, quickly becoming overwhelmed by the exorbitant costs and the daunting process of navigating limited availability, intensifying her feelings of helplessness and financial dread.","The context does not state that Sarah has a nursing job.

Instead, it indicates that Sarah began actively exploring new career options to find a healthier work-life balance, considering fields like health education or administrative support. She has since started a ""less demanding job,"" which initially provided her with a new work-life balance. However, her mother's care needs have significantly increased, leading to Sarah feeling overwhelmed and burdened by the escalating demands, despite her new professional situation.",
D_q2_rag,D_q2,D,rag,Give an example of a time when Sarah felt she was failing someone in her life.,"[2026-07-18T07:30:00Z] Despite her fever and aching body, Sarah dragged herself to her nursing shift. The fluorescent lights felt blinding, the constant demands of patients and colleagues an unbearable cacophony against her pounding headache. She made a mistake with a patient's chart, a lapse in concentration that earned her a sharp reprimand, confirming her fear that her illness and overwhelming home life were dangerously impacting her job performance. The thought of losing her only income, coupled with the continued freezing darkness at home and David's silence, left her utterly drained and terrified.
[2028-06-15T20:30:00Z] Overwhelmed by the quiet estrangement, Sarah attempted to communicate her profound exhaustion and the weight of her responsibilities to David, hoping for understanding. Instead, her raw despair was perceived as anger, leading to another argument that only deepened their emotional chasm, leaving her feeling utterly defeated.
[2028-10-12T09:00:00Z] Despite her own overwhelming burnout and deep isolation, Sarah forced herself to visit her mother, only to find her confused and disoriented, having clearly neglected herself for days. The sight solidified Sarah's horrifying realization that she couldn't care for her mother or herself, plunging her deeper into a profound sense of failure and helplessness.
[2028-10-16T15:00:00Z] After days consumed by profound guilt and despair following her mother's recent decline, Sarah, recognizing her own severe limitations due to burnout and isolation, began the agonizing task of researching assisted living facilities. The thought of institutionalizing her mother filled her with crushing sorrow and a renewed sense of failure, yet she saw no other viable option.
[2029-04-05T18:30:00Z] Weeks after the supervisor's stern warning, the dread of making another mistake at work became paralyzing for Sarah. Her concentration plummeted, and the constant fear of professional failure, combined with the unyielding demands of her mother's care, led to a profound sense of incapacitation. One evening, after a particularly grueling shift, she found herself staring blankly, unable to complete even basic tasks, overwhelmed by the realization that she was utterly failing at everything, trapped in a spiral of professional inadequacy and familial obligation.","Sarah felt she was failing her mother when she realized she couldn't care for her, especially after finding her mother confused and disoriented. This led her to research assisted living facilities, which filled her with crushing sorrow and a renewed sense of failure. She also felt she was failing at everything, including her familial obligations, due to the unyielding demands of her mother's care.",
D_q2_context_path,D_q2,D,context_path,Give an example of a time when Sarah felt she was failing someone in her life.,"[2028-10-23T11:00:00Z] After several more emotionally draining days, Sarah forced herself to visit the first assisted living facility. Walking through the sterile halls and observing the residents, a wave of crushing sorrow and guilt washed over her, solidifying the painful reality that her mother's independence was truly gone and this was the only path forward, further deepening her despair.
[2029-01-05T12:00:00Z] After the emotionally draining holiday season, the new year brought no relief to Sarah's strained relationship with Mark. The silence between them became unbearable, pushing Sarah, despite her profound burnout, to attempt a conversation about their future. However, her exhaustion and deep-seated despair led only to a flat, uninspired exchange, highlighting the irreparable damage and leaving them both with a desolate sense of finality.
[2029-03-10T14:30:00Z] The relentless pressure of her nursing job, exacerbated by overwork and emotional desolation, finally led to Sarah making a critical error during a shift. This professional misstep, thankfully not severe, shattered her remaining confidence and plunged her into a new depth of self-doubt and fear, amplifying her profound burnout.
[2029-03-15T10:00:00Z] The critical error during her shift immediately led to a formal meeting with her supervisor. Though the incident wasn't severe enough for disciplinary action, the stern tone and implied scrutiny from her superior shattered any remaining shreds of Sarah's professional confidence, intensifying her self-doubt and pushing her even deeper into a state of profound dread and burnout, making her question her entire career path while the demands of her mother's care weighed heavily.
[2029-04-05T18:30:00Z] Weeks after the supervisor's stern warning, the dread of making another mistake at work became paralyzing for Sarah. Her concentration plummeted, and the constant fear of professional failure, combined with the unyielding demands of her mother's care, led to a profound sense of incapacitation. One evening, after a particularly grueling shift, she found herself staring blankly, unable to complete even basic tasks, overwhelmed by the realization that she was utterly failing at everything, trapped in a spiral of professional inadequacy and familial obligation.","One example of a time Sarah felt she was failing someone was when she realized her mother's independence was truly gone and assisted living was the only path forward. This brought on a wave of crushing sorrow and guilt, making her feel like she was failing her mother. Later, she also felt ""utterly failing at everything,"" trapped in a spiral of professional inadequacy and familial obligation, which encompassed her responsibilities towards her mother's care.",
D_q3_rag,D_q3,D,rag,How has Sarah's romantic relationship been affected by her burnout?,"[2028-04-22T19:45:00Z] Following the warning at work and her deepening burnout, Sarah became increasingly withdrawn and irritable at home, leading to a significant emotional distance forming between her and David, who felt neglected and unheard.
[2028-06-15T20:30:00Z] Overwhelmed by the quiet estrangement, Sarah attempted to communicate her profound exhaustion and the weight of her responsibilities to David, hoping for understanding. Instead, her raw despair was perceived as anger, leading to another argument that only deepened their emotional chasm, leaving her feeling utterly defeated.
[2028-11-10T19:00:00Z] A week after her mother's move, Sarah's profound emotional exhaustion and grief manifested as overwhelming irritability during an attempted conversation with Mark. His attempts at comfort were met with her raw anger and distant behavior, escalating into a bitter argument that left both feeling isolated and highlighted the severe strain her burnout was placing on their already fragile relationship, intensifying her despair.
[2028-11-28T18:00:00Z] The unaddressed tension with Mark festered, widening the chasm between them. Sarah, still consumed by burnout and the shame of her work error, found herself incapable of initiating a conversation, further withdrawing emotionally. Mark's increasingly distant behavior and the silence in their apartment solidified her heartbreaking realization that her relationship was slowly crumbling, adding another layer to her already profound despair.
[2029-01-05T12:00:00Z] After the emotionally draining holiday season, the new year brought no relief to Sarah's strained relationship with Mark. The silence between them became unbearable, pushing Sarah, despite her profound burnout, to attempt a conversation about their future. However, her exhaustion and deep-seated despair led only to a flat, uninspired exchange, highlighting the irreparable damage and leaving them both with a desolate sense of finality.","Sarah's burnout has profoundly impacted her romantic relationships, leading to significant emotional distance and strain.

With David, her burnout made her withdrawn and irritable, causing him to feel neglected and unheard. When she attempted to communicate her exhaustion, it was perceived as anger, leading to arguments and deepening their emotional chasm.

Later, with Mark, her profound emotional exhaustion and grief manifested as overwhelming irritability, resulting in bitter arguments and highlighting the severe strain on their already fragile relationship. Her burnout and shame also made her incapable of initiating conversations, leading to further emotional withdrawal. This withdrawal and the increasing silence between them solidified her heartbreaking realization that their relationship was slowly crumbling, eventually leading to a flat, uninspired exchange about their future that underscored irreparable damage and a desolate sense of finality.",
D_q3_context_path,D_q3,D,context_path,How has Sarah's romantic relationship been affected by her burnout?,"[2027-08-15T10:30:00Z] Sarah accompanied her mother to the general practitioner's appointment, where the doctor expressed significant concern regarding her mother's cognitive decline and recommended a referral to a neurologist for a more thorough assessment. Sarah felt a profound sense of apprehension and worry about what this diagnosis might entail.
[2027-09-25T19:30:00Z] A few weeks later, Sarah arrived at her mother's house to find the front door ajar and her mother disoriented, believing it was morning. The incident forced Sarah to cancel her dinner plans with David, leaving her feeling overwhelmed and increasingly frustrated by the escalating care needs.
[2027-12-18T10:00:00Z] Following the difficult conversation, Sarah reluctantly began researching assisted living facilities and home care services, quickly becoming overwhelmed by the exorbitant costs and the daunting process of navigating limited availability, intensifying her feelings of helplessness and financial dread.
[2028-02-05T20:00:00Z] Weeks after their initial discussion, Sarah and David had a heated argument about the ever-increasing financial strain and the time Sarah was dedicating to her mother's care. David expressed frustration about their dwindling savings and lack of personal time, leaving Sarah feeling deeply guilty and unsupported.
[2028-04-22T19:45:00Z] Following the warning at work and her deepening burnout, Sarah became increasingly withdrawn and irritable at home, leading to a significant emotional distance forming between her and David, who felt neglected and unheard.","Following her deepening burnout, Sarah became increasingly withdrawn and irritable at home. This led to a significant emotional distance forming between her and David, who felt neglected and unheard.",
E_q1_rag,E_q1,E,rag,What setbacks has Ben encountered with the home renovation?,"[2033-03-15T11:00:00Z] After the complete roof replacement was finally completed, Ben desperately hoped for some definitive progress on interior finishes. However, during the preparation for exterior siding installation and window replacement, contractors discovered widespread foundation cracks and significant structural settling issues, clearly a consequence of long-term soil instability and inadequate original footings. This necessitates extensive foundation underpinning and repair, adding yet another soul-crushing four months to the renovation timeline.
[2039-08-25T13:00:00Z] After the complete roof replacement was finally completed, Ben desperately hoped for some definitive progress on interior finishes. However, during the preparation for exterior siding installation and window replacement, contractors discovered significant cracks and shifting in the main foundation walls, indicating severe structural instability and requiring extensive foundation underpinning and repair. This adds yet another soul-crushing six months to the renovation timeline.
[2040-03-15T10:00:00Z] After the extensive foundation underpinning and repair were finally completed, Ben desperately hoped for some definitive progress on interior finishes. However, during the final inspection of the newly reinforced exterior walls and preparation for interior framing, contractors discovered widespread structural deficiencies and inadequate load-bearing capacity in several key internal support walls due to decades of poor modifications, necessitating a complete internal structural reframing and adding yet another soul-crushing five months to the renovation timeline.
[2052-02-10T09:45:00Z] After the partial replacement and reinforcement of the subfloor and joists were finally completed, Ben desperately hoped for some definitive progress on interior finishes. However, during a routine inspection of the basement slab and perimeter, contractors discovered extensive foundational cracks and signs of differential settlement, requiring underpinning and extensive structural repair to ensure long-term stability. This necessitates a complete overhaul of the home's foundation, adding yet another soul-crushing five months to the renovation timeline.
[2055-01-15T10:00:00Z] After the complete sistering and reinforcement of the entire first-floor joist system was finally completed, Ben, emotionally hollowed out, desperately hoped for some definitive progress on interior finishes. However, during the excavation for new plumbing and electrical conduits in the basement, contractors discovered extensive foundational cracking, significant differential settlement, and evidence of severe water intrusion in the original concrete slab and perimeter walls, requiring a complete structural underpinning of the house and major foundation repairs. This adds yet another soul-crushing five months to the renovation timeline, pushing the potential move-in date into the following year.","Ben has encountered several significant setbacks with his home renovation, primarily involving structural and foundation issues. These include:

*   **Widespread foundation cracks and structural settling issues** due to long-term soil instability and inadequate original footings, discovered in 2033, requiring extensive foundation underpinning and repair, adding four months to the timeline.
*   **Significant cracks and shifting in the main foundation walls** indicating severe structural instability, discovered in 2039, requiring extensive foundation underpinning and repair, adding six months to the timeline.
*   **Widespread structural deficiencies and inadequate load-bearing capacity in several key internal support walls** due to decades of poor modifications, discovered in 2040, necessitating a complete internal structural reframing, adding five months to the timeline.
*   **Extensive foundational cracks and signs of differential settlement** in the basement slab and perimeter, discovered in 2052, requiring underpinning and extensive structural repair and a complete overhaul of the home's foundation, adding five months to the timeline.
*   **Extensive foundational cracking, significant differential settlement, and evidence of severe water intrusion** in the original concrete slab and perimeter walls, discovered in 2055, requiring a complete structural underpinning of the house and major foundation repairs, adding five months to the timeline.",
E_q1_context_path,E_q1,E,context_path,What setbacks has Ben encountered with the home renovation?,"[2051-03-15T10:30:00Z] After the complete replacement of the entire roof structure was finally completed, Ben desperately hoped for some definitive progress on interior finishes. However, during the installation of the new exterior siding and insulation, contractors discovered extensive dry rot, termite damage, and structural instability in the main wall studs and sheathing behind the old facade, indicating decades of unchecked water ingress and pest infestation. This necessitates a complete rebuild of significant portions of the exterior wall framing, adding yet another soul-crushing four months to the renovation timeline.
[2052-02-10T09:45:00Z] After the partial replacement and reinforcement of the subfloor and joists were finally completed, Ben desperately hoped for some definitive progress on interior finishes. However, during a routine inspection of the basement slab and perimeter, contractors discovered extensive foundational cracks and signs of differential settlement, requiring underpinning and extensive structural repair to ensure long-term stability. This necessitates a complete overhaul of the home's foundation, adding yet another soul-crushing five months to the renovation timeline.
[2054-09-01T11:00:00Z] After the complete structural reinforcement and replacement of key support beams were finally completed, Ben desperately hoped for some definitive progress on interior finishes. However, during the final framing inspection before insulation and drywall, contractors discovered that the newly installed subfloor in several sections was unexpectedly flexing and creaking, revealing that the underlying floor joists were suffering from significant deflection and uneven settlement, requiring a complete sistering and reinforcement of the entire first-floor joist system. This adds yet another soul-crushing two months to the renovation timeline.
[2055-06-20T14:00:00Z] After the complete structural underpinning and major foundation repairs were finally completed, Ben, now barely holding onto any semblance of hope, desperately hoped for some definitive progress on interior finishes. However, during the initial inspection of the exterior drainage system around the newly repaired foundation, contractors discovered that the main sewer line running under the house was severely compromised, collapsing in multiple sections due to tree root intrusion and ground movement over decades. This necessitates a complete replacement of the main sewer line, involving extensive trenching and disruption, adding yet another soul-crushing three months to the renovation timeline.
[2058-07-15T11:00:00Z] After the extensive foundation underpinning and repair project were finally completed, Ben, now a ghostly figure haunted by the endless delays, desperately hoped for some definitive progress on interior finishes. However, during the preparatory excavation for the crucial exterior grading and drainage system, contractors unearthed an unknown, active underground water source and discovered severe geological instability beneath a significant portion of the house's perimeter, directly threatening the newly repaired foundation. This unexpected and extremely costly geotechnical remediation, coupled with the design and installation of an advanced sub-surface drainage network, adds yet another soul-crushing five months to the renovation timeline.","Ben has encountered several significant setbacks with his home renovation:

*   **2051-03-15**: During exterior siding and insulation installation, contractors discovered extensive dry rot, termite damage, and structural instability in the main wall studs and sheathing, requiring a complete rebuild of significant portions of the exterior wall framing. This added four months to the timeline.
*   **2052-02-10**: During a routine inspection of the basement, extensive foundational cracks and signs of differential settlement were discovered, necessitating underpinning and extensive structural repair to the home's foundation. This added five months.
*   **2054-09-01**: During the final framing inspection, it was discovered that the newly installed subfloor was flexing and creaking due to significant deflection and uneven settlement in the underlying floor joists. This required a complete sistering and reinforcement of the entire first-floor joist system, adding two months.
*   **2055-06-20**: During an initial inspection of the exterior drainage system, the main sewer line running under the house was found to be severely compromised and collapsing due to tree root intrusion and ground movement. This necessitated a complete replacement of the main sewer line, adding three months.
*   **2058-07-15**: During preparatory excavation for exterior grading and drainage, an unknown, active underground water source was unearthed, and severe geological instability was discovered beneath a significant portion of the house's perimeter. This required costly geotechnical remediation and the installation of an advanced sub-surface drainage network, adding five months.",
E_q2_rag,E_q2,E,rag,Describe a time when Ben's marathon training collided with renovation stress.,"[2025-01-05T08:30:00Z] Just got news that the structural repair for the termite damage is more extensive than anticipated, pushing the renovation completion back another six weeks. My marathon training is taking a hit due to the constant stress and lack of a stable routine.
[2025-01-28T10:00:00Z] After three weeks of trying, I'm finding it impossible to regain my marathon training momentum. The renovation has hit another snag with a major plumbing reroute needed, meaning more demolition and another estimated two-week delay.
[2025-05-10T09:30:00Z] The extensive roof dry rot repairs are finally complete, offering a brief moment of hope. However, the contractor immediately reported that significant portions of the exterior siding are also rotten and require full replacement, adding another four weeks to the renovation schedule. My marathon training has become completely secondary.
[2025-06-25T14:00:00Z] Just when the exterior siding replacement was finally wrapping up, the contractor discovered major structural issues with the foundation that require extensive, costly underpinning, adding a devastating six-week delay. My marathon is now only a few months away, and I haven't run properly in ages.
[2052-02-10T09:45:00Z] After the partial replacement and reinforcement of the subfloor and joists were finally completed, Ben desperately hoped for some definitive progress on interior finishes. However, during a routine inspection of the basement slab and perimeter, contractors discovered extensive foundational cracks and signs of differential settlement, requiring underpinning and extensive structural repair to ensure long-term stability. This necessitates a complete overhaul of the home's foundation, adding yet another soul-crushing five months to the renovation timeline.","Ben's marathon training repeatedly collided with renovation stress throughout 2025. In January, his training took a significant hit due to constant stress and a lack of stable routine caused by extensive termite damage repairs that delayed the renovation. Later that month, he found it impossible to regain his training momentum after the renovation encountered another snag with a major plumbing reroute. By May, his marathon training had become completely secondary as extensive roof dry rot and exterior siding repairs added further weeks to the schedule. In June, with his marathon only a few months away, Ben realized he hadn't run properly in ages because of major structural issues with the foundation requiring costly underpinning, leading to a devastating six-week delay.",
E_q2_context_path,E_q2,E,context_path,Describe a time when Ben's marathon training collided with renovation stress.,"[2025-01-28T10:00:00Z] After three weeks of trying, I'm finding it impossible to regain my marathon training momentum. The renovation has hit another snag with a major plumbing reroute needed, meaning more demolition and another estimated two-week delay.
[2025-02-18T09:00:00Z] The plumbing reroute revealed significant outdated electrical wiring issues that need a full house rewire, adding an unexpected and costly four-week delay. I'm starting to feel completely demoralized about both the renovation and my marathon chances.
[2025-04-01T11:00:00Z] The extensive electrical rewire is nearing completion, but the contractor just reported significant dry rot discovered in the roof structure, requiring a major unexpected repair and another estimated three-week delay. I'm struggling to see how I can possibly continue marathon training with these unending setbacks.
[2025-05-10T09:30:00Z] The extensive roof dry rot repairs are finally complete, offering a brief moment of hope. However, the contractor immediately reported that significant portions of the exterior siding are also rotten and require full replacement, adding another four weeks to the renovation schedule. My marathon training has become completely secondary.
[2025-09-08T10:30:00Z] Just as the extensive foundation underpinning was finally nearing completion, the construction crew uncovered a major collapse in the main sewer line running under the house, requiring a complete and highly complex replacement. This new disaster adds another devastating six weeks to the renovation schedule. With the marathon less than two months away, I've completely lost all hope of competing.","Ben's marathon training repeatedly collided with renovation stress due to a series of unexpected and significant delays.

Initially, in late January, Ben found it impossible to regain marathon training momentum after the renovation hit a snag requiring a major plumbing reroute. By mid-February, further electrical wiring issues, revealed by the plumbing work, completely demoralized him about both the renovation and his marathon chances. The setbacks continued into April with the discovery of dry rot in the roof structure, making him struggle to see how he could possibly continue training.

By early May, after the roof repairs, significant portions of rotten exterior siding were discovered, pushing his marathon training to become ""completely secondary."" Finally, in early September, a major collapse in the main sewer line under the house, adding another six weeks to the renovation, led Ben to completely lose all hope of competing in the marathon, which was less than two months away.",
E_q3_rag,E_q3,E,rag,How does Ben feel about balancing physical training with ongoing renovation delays?,"[2036-06-15T09:30:00Z] After the complete roof structural rebuild and replacement were finally completed, Ben desperately hoped for some definitive progress on interior finishes. However, during the final grading around the exterior foundation and preparation for new landscaping, contractors discovered significant cracks and signs of differential settlement in the main foundation, necessitating extensive foundation underpinning and crack repair. This adds yet another soul-crushing four months to the renovation timeline.
[2039-08-25T13:00:00Z] After the complete roof replacement was finally completed, Ben desperately hoped for some definitive progress on interior finishes. However, during the preparation for exterior siding installation and window replacement, contractors discovered significant cracks and shifting in the main foundation walls, indicating severe structural instability and requiring extensive foundation underpinning and repair. This adds yet another soul-crushing six months to the renovation timeline.
[2040-03-15T10:00:00Z] After the extensive foundation underpinning and repair were finally completed, Ben desperately hoped for some definitive progress on interior finishes. However, during the final inspection of the newly reinforced exterior walls and preparation for interior framing, contractors discovered widespread structural deficiencies and inadequate load-bearing capacity in several key internal support walls due to decades of poor modifications, necessitating a complete internal structural reframing and adding yet another soul-crushing five months to the renovation timeline.
[2052-02-10T09:45:00Z] After the partial replacement and reinforcement of the subfloor and joists were finally completed, Ben desperately hoped for some definitive progress on interior finishes. However, during a routine inspection of the basement slab and perimeter, contractors discovered extensive foundational cracks and signs of differential settlement, requiring underpinning and extensive structural repair to ensure long-term stability. This necessitates a complete overhaul of the home's foundation, adding yet another soul-crushing five months to the renovation timeline.
[2055-01-15T10:00:00Z] After the complete sistering and reinforcement of the entire first-floor joist system was finally completed, Ben, emotionally hollowed out, desperately hoped for some definitive progress on interior finishes. However, during the excavation for new plumbing and electrical conduits in the basement, contractors discovered extensive foundational cracking, significant differential settlement, and evidence of severe water intrusion in the original concrete slab and perimeter walls, requiring a complete structural underpinning of the house and major foundation repairs. This adds yet another soul-crushing five months to the renovation timeline, pushing the potential move-in date into the following year.","The provided context clearly indicates that Ben feels deeply frustrated, disheartened, and even ""emotionally hollowed out"" by the ongoing renovation delays, which repeatedly add significant time to the timeline. However, the information does not mention how he feels about balancing physical training with these delays, as there is no mention of physical training in the provided snippets.",
E_q3_context_path,E_q3,E,context_path,How does Ben feel about balancing physical training with ongoing renovation delays?,"[2051-03-15T10:30:00Z] After the complete replacement of the entire roof structure was finally completed, Ben desperately hoped for some definitive progress on interior finishes. However, during the installation of the new exterior siding and insulation, contractors discovered extensive dry rot, termite damage, and structural instability in the main wall studs and sheathing behind the old facade, indicating decades of unchecked water ingress and pest infestation. This necessitates a complete rebuild of significant portions of the exterior wall framing, adding yet another soul-crushing four months to the renovation timeline.
[2052-02-10T09:45:00Z] After the partial replacement and reinforcement of the subfloor and joists were finally completed, Ben desperately hoped for some definitive progress on interior finishes. However, during a routine inspection of the basement slab and perimeter, contractors discovered extensive foundational cracks and signs of differential settlement, requiring underpinning and extensive structural repair to ensure long-term stability. This necessitates a complete overhaul of the home's foundation, adding yet another soul-crushing five months to the renovation timeline.
[2054-09-01T11:00:00Z] After the complete structural reinforcement and replacement of key support beams were finally completed, Ben desperately hoped for some definitive progress on interior finishes. However, during the final framing inspection before insulation and drywall, contractors discovered that the newly installed subfloor in several sections was unexpectedly flexing and creaking, revealing that the underlying floor joists were suffering from significant deflection and uneven settlement, requiring a complete sistering and reinforcement of the entire first-floor joist system. This adds yet another soul-crushing two months to the renovation timeline.
[2055-06-20T14:00:00Z] After the complete structural underpinning and major foundation repairs were finally completed, Ben, now barely holding onto any semblance of hope, desperately hoped for some definitive progress on interior finishes. However, during the initial inspection of the exterior drainage system around the newly repaired foundation, contractors discovered that the main sewer line running under the house was severely compromised, collapsing in multiple sections due to tree root intrusion and ground movement over decades. This necessitates a complete replacement of the main sewer line, involving extensive trenching and disruption, adding yet another soul-crushing three months to the renovation timeline.
[2058-07-15T11:00:00Z] After the extensive foundation underpinning and repair project were finally completed, Ben, now a ghostly figure haunted by the endless delays, desperately hoped for some definitive progress on interior finishes. However, during the preparatory excavation for the crucial exterior grading and drainage system, contractors unearthed an unknown, active underground water source and discovered severe geological instability beneath a significant portion of the house's perimeter, directly threatening the newly repaired foundation. This unexpected and extremely costly geotechnical remediation, coupled with the design and installation of an advanced sub-surface drainage network, adds yet another soul-crushing five months to the renovation timeline.","Based on the information provided, Ben is clearly deeply affected by the ongoing renovation delays, being described as ""desperately hoping for some definitive progress,"" ""barely holding onto any semblance of hope,"" and ""a ghostly figure haunted by the endless delays"" due to the ""soul-crushing"" added months to the timeline.

However, the provided memories do not contain any information about Ben's physical training or how he feels about balancing it with these renovation delays. Therefore, I cannot answer that part of your query.",
